"Artname","ROUTENCODE","Jahr","count"
"a",1,2005,16
"b",1,2005,20
"c",1,2005,14
"a",2,2005,17
"b",2,2005,29
"c",2,2005,33
"a",3,2005,22
"b",3,2005,20
"c",3,2005,22
"a",4,2005,26
"b",4,2005,16
"c",4,2005,22
"a",5,2005,28
"b",5,2005,25
"c",5,2005,25
"a",6,2005,17
"b",6,2005,19
"c",6,2005,26
"a",7,2005,14
"b",7,2005,15
"c",7,2005,8
"a",8,2005,19
"b",8,2005,19
"c",8,2005,23
"a",9,2005,14
"b",9,2005,16
"c",9,2005,20
"a",10,2005,17
"b",10,2005,18
"c",10,2005,20
"a",11,2005,19
"b",11,2005,27
"c",11,2005,17
"a",12,2005,21
"b",12,2005,10
"c",12,2005,18
"a",13,2005,19
"b",13,2005,22
"c",13,2005,18
"a",14,2005,19
"b",14,2005,24
"c",14,2005,19
"a",15,2005,21
"b",15,2005,20
"c",15,2005,19
"a",16,2005,18
"b",16,2005,9
"c",16,2005,19
"a",17,2005,14
"b",17,2005,15
"c",17,2005,17
"a",18,2005,21
"b",18,2005,23
"c",18,2005,12
"a",19,2005,17
"b",19,2005,22
"c",19,2005,18
"a",20,2005,18
"b",20,2005,18
"c",20,2005,19
"a",21,2005,14
"b",21,2005,18
"c",21,2005,15
"a",22,2005,12
"b",22,2005,19
"c",22,2005,16
"a",23,2005,19
"b",23,2005,19
"c",23,2005,17
"a",24,2005,22
"b",24,2005,15
"c",24,2005,23
"a",25,2005,18
"b",25,2005,21
"c",25,2005,24
"a",26,2005,20
"b",26,2005,15
"c",26,2005,18
"a",27,2005,24
"b",27,2005,18
"c",27,2005,12
"a",28,2005,18
"b",28,2005,22
"c",28,2005,14
"a",29,2005,20
"b",29,2005,22
"c",29,2005,19
"a",30,2005,12
"b",30,2005,24
"c",30,2005,14
"a",31,2005,26
"b",31,2005,18
"c",31,2005,18
"a",32,2005,16
"b",32,2005,24
"c",32,2005,14
"a",33,2005,14
"b",33,2005,19
"c",33,2005,24
"a",34,2005,16
"b",34,2005,22
"c",34,2005,23
"a",35,2005,15
"b",35,2005,22
"c",35,2005,15
"a",36,2005,26
"b",36,2005,19
"c",36,2005,24
"a",37,2005,22
"b",37,2005,14
"c",37,2005,20
"a",38,2005,24
"b",38,2005,22
"c",38,2005,17
"a",39,2005,34
"b",39,2005,20
"c",39,2005,22
"a",40,2005,19
"b",40,2005,24
"c",40,2005,19
"a",41,2005,25
"b",41,2005,19
"c",41,2005,18
"a",42,2005,12
"b",42,2005,20
"c",42,2005,24
"a",43,2005,25
"b",43,2005,33
"c",43,2005,19
"a",44,2005,27
"b",44,2005,28
"c",44,2005,23
"a",45,2005,18
"b",45,2005,22
"c",45,2005,11
"a",46,2005,17
"b",46,2005,16
"c",46,2005,25
"a",47,2005,20
"b",47,2005,22
"c",47,2005,14
"a",48,2005,18
"b",48,2005,22
"c",48,2005,27
"a",49,2005,26
"b",49,2005,20
"c",49,2005,26
"a",50,2005,22
"b",50,2005,26
"c",50,2005,27
"a",51,2005,18
"b",51,2005,14
"c",51,2005,23
"a",52,2005,18
"b",52,2005,16
"c",52,2005,19
"a",53,2005,20
"b",53,2005,13
"c",53,2005,16
"a",54,2005,27
"b",54,2005,31
"c",54,2005,20
"a",55,2005,16
"b",55,2005,15
"c",55,2005,23
"a",56,2005,27
"b",56,2005,17
"c",56,2005,20
"a",57,2005,20
"b",57,2005,11
"c",57,2005,17
"a",58,2005,20
"b",58,2005,29
"c",58,2005,24
"a",59,2005,21
"b",59,2005,20
"c",59,2005,19
"a",60,2005,21
"b",60,2005,19
"c",60,2005,22
"a",61,2005,17
"b",61,2005,28
"c",61,2005,15
"a",62,2005,18
"b",62,2005,21
"c",62,2005,21
"a",63,2005,25
"b",63,2005,20
"c",63,2005,23
"a",64,2005,16
"b",64,2005,21
"c",64,2005,19
"a",65,2005,21
"b",65,2005,15
"c",65,2005,19
"a",66,2005,22
"b",66,2005,17
"c",66,2005,20
"a",67,2005,18
"b",67,2005,16
"c",67,2005,23
"a",68,2005,16
"b",68,2005,26
"c",68,2005,23
"a",69,2005,22
"b",69,2005,20
"c",69,2005,17
"a",70,2005,31
"b",70,2005,18
"c",70,2005,15
"a",71,2005,14
"b",71,2005,18
"c",71,2005,18
"a",72,2005,21
"b",72,2005,20
"c",72,2005,16
"a",73,2005,19
"b",73,2005,15
"c",73,2005,20
"a",74,2005,14
"b",74,2005,15
"c",74,2005,16
"a",75,2005,24
"b",75,2005,21
"c",75,2005,16
"a",76,2005,18
"b",76,2005,17
"c",76,2005,16
"a",77,2005,10
"b",77,2005,16
"c",77,2005,21
"a",78,2005,21
"b",78,2005,30
"c",78,2005,18
"a",79,2005,23
"b",79,2005,25
"c",79,2005,16
"a",80,2005,20
"b",80,2005,13
"c",80,2005,24
"a",81,2005,21
"b",81,2005,21
"c",81,2005,24
"a",82,2005,31
"b",82,2005,21
"c",82,2005,11
"a",83,2005,16
"b",83,2005,25
"c",83,2005,14
"a",84,2005,23
"b",84,2005,21
"c",84,2005,28
"a",85,2005,27
"b",85,2005,13
"c",85,2005,29
"a",86,2005,15
"b",86,2005,17
"c",86,2005,27
"a",87,2005,24
"b",87,2005,24
"c",87,2005,19
"a",88,2005,14
"b",88,2005,19
"c",88,2005,23
"a",89,2005,18
"b",89,2005,23
"c",89,2005,23
"a",90,2005,15
"b",90,2005,18
"c",90,2005,15
"a",91,2005,25
"b",91,2005,23
"c",91,2005,20
"a",92,2005,28
"b",92,2005,19
"c",92,2005,18
"a",93,2005,22
"b",93,2005,15
"c",93,2005,20
"a",94,2005,20
"b",94,2005,27
"c",94,2005,20
"a",95,2005,18
"b",95,2005,14
"c",95,2005,20
"a",96,2005,13
"b",96,2005,27
"c",96,2005,15
"a",97,2005,21
"b",97,2005,18
"c",97,2005,24
"a",98,2005,14
"b",98,2005,23
"c",98,2005,22
"a",99,2005,24
"b",99,2005,22
"c",99,2005,26
"a",100,2005,19
"b",100,2005,28
"c",100,2005,16
"a",1,2006,16
"b",1,2006,25
"c",1,2006,16
"a",2,2006,10
"b",2,2006,25
"c",2,2006,33
"a",3,2006,25
"b",3,2006,22
"c",3,2006,17
"a",4,2006,21
"b",4,2006,15
"c",4,2006,11
"a",5,2006,14
"b",5,2006,14
"c",5,2006,17
"a",6,2006,19
"b",6,2006,27
"c",6,2006,19
"a",7,2006,20
"b",7,2006,26
"c",7,2006,21
"a",8,2006,28
"b",8,2006,26
"c",8,2006,21
"a",9,2006,23
"b",9,2006,23
"c",9,2006,18
"a",10,2006,14
"b",10,2006,19
"c",10,2006,19
"a",11,2006,15
"b",11,2006,15
"c",11,2006,19
"a",12,2006,18
"b",12,2006,26
"c",12,2006,18
"a",13,2006,19
"b",13,2006,20
"c",13,2006,19
"a",14,2006,27
"b",14,2006,19
"c",14,2006,21
"a",15,2006,26
"b",15,2006,19
"c",15,2006,20
"a",16,2006,28
"b",16,2006,24
"c",16,2006,16
"a",17,2006,19
"b",17,2006,31
"c",17,2006,23
"a",18,2006,16
"b",18,2006,16
"c",18,2006,19
"a",19,2006,19
"b",19,2006,22
"c",19,2006,32
"a",20,2006,20
"b",20,2006,23
"c",20,2006,24
"a",21,2006,10
"b",21,2006,32
"c",21,2006,15
"a",22,2006,20
"b",22,2006,17
"c",22,2006,19
"a",23,2006,12
"b",23,2006,14
"c",23,2006,21
"a",24,2006,19
"b",24,2006,18
"c",24,2006,17
"a",25,2006,12
"b",25,2006,21
"c",25,2006,15
"a",26,2006,19
"b",26,2006,19
"c",26,2006,33
"a",27,2006,24
"b",27,2006,17
"c",27,2006,25
"a",28,2006,17
"b",28,2006,26
"c",28,2006,19
"a",29,2006,19
"b",29,2006,19
"c",29,2006,26
"a",30,2006,31
"b",30,2006,15
"c",30,2006,18
"a",31,2006,21
"b",31,2006,18
"c",31,2006,17
"a",32,2006,22
"b",32,2006,23
"c",32,2006,15
"a",33,2006,29
"b",33,2006,19
"c",33,2006,26
"a",34,2006,13
"b",34,2006,19
"c",34,2006,21
"a",35,2006,17
"b",35,2006,19
"c",35,2006,20
"a",36,2006,23
"b",36,2006,20
"c",36,2006,22
"a",37,2006,19
"b",37,2006,24
"c",37,2006,16
"a",38,2006,19
"b",38,2006,16
"c",38,2006,21
"a",39,2006,19
"b",39,2006,20
"c",39,2006,11
"a",40,2006,27
"b",40,2006,21
"c",40,2006,11
"a",41,2006,26
"b",41,2006,22
"c",41,2006,16
"a",42,2006,19
"b",42,2006,26
"c",42,2006,22
"a",43,2006,23
"b",43,2006,21
"c",43,2006,15
"a",44,2006,22
"b",44,2006,30
"c",44,2006,25
"a",45,2006,26
"b",45,2006,26
"c",45,2006,19
"a",46,2006,13
"b",46,2006,18
"c",46,2006,17
"a",47,2006,20
"b",47,2006,16
"c",47,2006,18
"a",48,2006,20
"b",48,2006,18
"c",48,2006,15
"a",49,2006,22
"b",49,2006,22
"c",49,2006,21
"a",50,2006,19
"b",50,2006,28
"c",50,2006,19
"a",51,2006,19
"b",51,2006,19
"c",51,2006,18
"a",52,2006,20
"b",52,2006,11
"c",52,2006,18
"a",53,2006,21
"b",53,2006,21
"c",53,2006,23
"a",54,2006,19
"b",54,2006,18
"c",54,2006,23
"a",55,2006,15
"b",55,2006,22
"c",55,2006,17
"a",56,2006,26
"b",56,2006,25
"c",56,2006,17
"a",57,2006,25
"b",57,2006,19
"c",57,2006,23
"a",58,2006,15
"b",58,2006,18
"c",58,2006,23
"a",59,2006,25
"b",59,2006,19
"c",59,2006,23
"a",60,2006,27
"b",60,2006,23
"c",60,2006,19
"a",61,2006,16
"b",61,2006,16
"c",61,2006,17
"a",62,2006,24
"b",62,2006,21
"c",62,2006,24
"a",63,2006,13
"b",63,2006,21
"c",63,2006,25
"a",64,2006,22
"b",64,2006,23
"c",64,2006,13
"a",65,2006,22
"b",65,2006,19
"c",65,2006,20
"a",66,2006,20
"b",66,2006,17
"c",66,2006,13
"a",67,2006,24
"b",67,2006,23
"c",67,2006,9
"a",68,2006,26
"b",68,2006,21
"c",68,2006,19
"a",69,2006,17
"b",69,2006,22
"c",69,2006,21
"a",70,2006,19
"b",70,2006,26
"c",70,2006,16
"a",71,2006,14
"b",71,2006,18
"c",71,2006,24
"a",72,2006,12
"b",72,2006,14
"c",72,2006,10
"a",73,2006,13
"b",73,2006,19
"c",73,2006,15
"a",74,2006,16
"b",74,2006,21
"c",74,2006,15
"a",75,2006,19
"b",75,2006,24
"c",75,2006,25
"a",76,2006,22
"b",76,2006,17
"c",76,2006,26
"a",77,2006,22
"b",77,2006,16
"c",77,2006,18
"a",78,2006,18
"b",78,2006,12
"c",78,2006,14
"a",79,2006,20
"b",79,2006,19
"c",79,2006,21
"a",80,2006,20
"b",80,2006,9
"c",80,2006,21
"a",81,2006,22
"b",81,2006,23
"c",81,2006,23
"a",82,2006,18
"b",82,2006,17
"c",82,2006,19
"a",83,2006,29
"b",83,2006,20
"c",83,2006,21
"a",84,2006,21
"b",84,2006,16
"c",84,2006,19
"a",85,2006,27
"b",85,2006,13
"c",85,2006,19
"a",86,2006,26
"b",86,2006,31
"c",86,2006,28
"a",87,2006,20
"b",87,2006,15
"c",87,2006,19
"a",88,2006,22
"b",88,2006,18
"c",88,2006,18
"a",89,2006,19
"b",89,2006,25
"c",89,2006,19
"a",90,2006,22
"b",90,2006,15
"c",90,2006,19
"a",91,2006,17
"b",91,2006,13
"c",91,2006,14
"a",92,2006,20
"b",92,2006,13
"c",92,2006,14
"a",93,2006,8
"b",93,2006,20
"c",93,2006,19
"a",94,2006,15
"b",94,2006,19
"c",94,2006,25
"a",95,2006,28
"b",95,2006,24
"c",95,2006,13
"a",96,2006,17
"b",96,2006,30
"c",96,2006,18
"a",97,2006,20
"b",97,2006,15
"c",97,2006,16
"a",98,2006,23
"b",98,2006,22
"c",98,2006,22
"a",99,2006,29
"b",99,2006,22
"c",99,2006,16
"a",100,2006,13
"b",100,2006,26
"c",100,2006,21
"a",1,2007,25
"b",1,2007,16
"c",1,2007,24
"a",2,2007,22
"b",2,2007,22
"c",2,2007,18
"a",3,2007,18
"b",3,2007,23
"c",3,2007,16
"a",4,2007,30
"b",4,2007,24
"c",4,2007,24
"a",5,2007,23
"b",5,2007,21
"c",5,2007,22
"a",6,2007,16
"b",6,2007,15
"c",6,2007,24
"a",7,2007,23
"b",7,2007,18
"c",7,2007,19
"a",8,2007,17
"b",8,2007,25
"c",8,2007,20
"a",9,2007,20
"b",9,2007,23
"c",9,2007,15
"a",10,2007,15
"b",10,2007,18
"c",10,2007,20
"a",11,2007,18
"b",11,2007,17
"c",11,2007,22
"a",12,2007,15
"b",12,2007,18
"c",12,2007,20
"a",13,2007,28
"b",13,2007,14
"c",13,2007,28
"a",14,2007,16
"b",14,2007,25
"c",14,2007,21
"a",15,2007,18
"b",15,2007,16
"c",15,2007,18
"a",16,2007,23
"b",16,2007,18
"c",16,2007,26
"a",17,2007,23
"b",17,2007,22
"c",17,2007,21
"a",18,2007,14
"b",18,2007,19
"c",18,2007,24
"a",19,2007,20
"b",19,2007,15
"c",19,2007,25
"a",20,2007,17
"b",20,2007,11
"c",20,2007,12
"a",21,2007,17
"b",21,2007,22
"c",21,2007,15
"a",22,2007,16
"b",22,2007,24
"c",22,2007,20
"a",23,2007,13
"b",23,2007,21
"c",23,2007,22
"a",24,2007,16
"b",24,2007,24
"c",24,2007,21
"a",25,2007,19
"b",25,2007,13
"c",25,2007,22
"a",26,2007,19
"b",26,2007,26
"c",26,2007,18
"a",27,2007,17
"b",27,2007,19
"c",27,2007,21
"a",28,2007,23
"b",28,2007,17
"c",28,2007,17
"a",29,2007,26
"b",29,2007,17
"c",29,2007,16
"a",30,2007,22
"b",30,2007,25
"c",30,2007,18
"a",31,2007,18
"b",31,2007,22
"c",31,2007,20
"a",32,2007,21
"b",32,2007,19
"c",32,2007,24
"a",33,2007,23
"b",33,2007,23
"c",33,2007,26
"a",34,2007,17
"b",34,2007,15
"c",34,2007,12
"a",35,2007,12
"b",35,2007,24
"c",35,2007,12
"a",36,2007,31
"b",36,2007,22
"c",36,2007,18
"a",37,2007,14
"b",37,2007,20
"c",37,2007,16
"a",38,2007,19
"b",38,2007,23
"c",38,2007,17
"a",39,2007,22
"b",39,2007,16
"c",39,2007,15
"a",40,2007,24
"b",40,2007,14
"c",40,2007,16
"a",41,2007,19
"b",41,2007,25
"c",41,2007,21
"a",42,2007,16
"b",42,2007,19
"c",42,2007,26
"a",43,2007,11
"b",43,2007,21
"c",43,2007,20
"a",44,2007,19
"b",44,2007,18
"c",44,2007,30
"a",45,2007,21
"b",45,2007,24
"c",45,2007,21
"a",46,2007,27
"b",46,2007,17
"c",46,2007,19
"a",47,2007,38
"b",47,2007,16
"c",47,2007,23
"a",48,2007,23
"b",48,2007,23
"c",48,2007,18
"a",49,2007,32
"b",49,2007,17
"c",49,2007,26
"a",50,2007,29
"b",50,2007,12
"c",50,2007,22
"a",51,2007,19
"b",51,2007,17
"c",51,2007,23
"a",52,2007,20
"b",52,2007,18
"c",52,2007,20
"a",53,2007,31
"b",53,2007,15
"c",53,2007,16
"a",54,2007,19
"b",54,2007,20
"c",54,2007,22
"a",55,2007,13
"b",55,2007,11
"c",55,2007,20
"a",56,2007,17
"b",56,2007,25
"c",56,2007,11
"a",57,2007,20
"b",57,2007,20
"c",57,2007,23
"a",58,2007,14
"b",58,2007,17
"c",58,2007,25
"a",59,2007,22
"b",59,2007,22
"c",59,2007,17
"a",60,2007,22
"b",60,2007,16
"c",60,2007,23
"a",61,2007,22
"b",61,2007,16
"c",61,2007,22
"a",62,2007,18
"b",62,2007,27
"c",62,2007,9
"a",63,2007,16
"b",63,2007,11
"c",63,2007,18
"a",64,2007,20
"b",64,2007,23
"c",64,2007,20
"a",65,2007,13
"b",65,2007,31
"c",65,2007,19
"a",66,2007,18
"b",66,2007,22
"c",66,2007,20
"a",67,2007,17
"b",67,2007,20
"c",67,2007,14
"a",68,2007,19
"b",68,2007,20
"c",68,2007,30
"a",69,2007,19
"b",69,2007,13
"c",69,2007,27
"a",70,2007,15
"b",70,2007,19
"c",70,2007,16
"a",71,2007,18
"b",71,2007,13
"c",71,2007,16
"a",72,2007,26
"b",72,2007,15
"c",72,2007,23
"a",73,2007,21
"b",73,2007,17
"c",73,2007,12
"a",74,2007,15
"b",74,2007,15
"c",74,2007,24
"a",75,2007,16
"b",75,2007,24
"c",75,2007,23
"a",76,2007,22
"b",76,2007,20
"c",76,2007,19
"a",77,2007,15
"b",77,2007,25
"c",77,2007,16
"a",78,2007,21
"b",78,2007,17
"c",78,2007,22
"a",79,2007,18
"b",79,2007,21
"c",79,2007,22
"a",80,2007,18
"b",80,2007,16
"c",80,2007,15
"a",81,2007,18
"b",81,2007,19
"c",81,2007,11
"a",82,2007,19
"b",82,2007,20
"c",82,2007,20
"a",83,2007,15
"b",83,2007,16
"c",83,2007,28
"a",84,2007,25
"b",84,2007,26
"c",84,2007,17
"a",85,2007,16
"b",85,2007,28
"c",85,2007,20
"a",86,2007,18
"b",86,2007,18
"c",86,2007,17
"a",87,2007,20
"b",87,2007,14
"c",87,2007,21
"a",88,2007,16
"b",88,2007,20
"c",88,2007,17
"a",89,2007,33
"b",89,2007,20
"c",89,2007,18
"a",90,2007,17
"b",90,2007,10
"c",90,2007,20
"a",91,2007,20
"b",91,2007,16
"c",91,2007,25
"a",92,2007,15
"b",92,2007,12
"c",92,2007,17
"a",93,2007,23
"b",93,2007,22
"c",93,2007,16
"a",94,2007,15
"b",94,2007,20
"c",94,2007,23
"a",95,2007,16
"b",95,2007,24
"c",95,2007,21
"a",96,2007,11
"b",96,2007,20
"c",96,2007,18
"a",97,2007,21
"b",97,2007,16
"c",97,2007,14
"a",98,2007,21
"b",98,2007,17
"c",98,2007,14
"a",99,2007,18
"b",99,2007,22
"c",99,2007,25
"a",100,2007,13
"b",100,2007,14
"c",100,2007,19
"a",1,2008,17
"b",1,2008,18
"c",1,2008,15
"a",2,2008,25
"b",2,2008,16
"c",2,2008,20
"a",3,2008,26
"b",3,2008,18
"c",3,2008,21
"a",4,2008,22
"b",4,2008,26
"c",4,2008,18
"a",5,2008,21
"b",5,2008,21
"c",5,2008,25
"a",6,2008,15
"b",6,2008,19
"c",6,2008,8
"a",7,2008,18
"b",7,2008,28
"c",7,2008,20
"a",8,2008,19
"b",8,2008,27
"c",8,2008,25
"a",9,2008,16
"b",9,2008,24
"c",9,2008,19
"a",10,2008,17
"b",10,2008,13
"c",10,2008,19
"a",11,2008,24
"b",11,2008,25
"c",11,2008,22
"a",12,2008,17
"b",12,2008,21
"c",12,2008,31
"a",13,2008,18
"b",13,2008,22
"c",13,2008,20
"a",14,2008,17
"b",14,2008,19
"c",14,2008,28
"a",15,2008,23
"b",15,2008,25
"c",15,2008,16
"a",16,2008,27
"b",16,2008,18
"c",16,2008,29
"a",17,2008,15
"b",17,2008,25
"c",17,2008,21
"a",18,2008,26
"b",18,2008,9
"c",18,2008,19
"a",19,2008,13
"b",19,2008,16
"c",19,2008,23
"a",20,2008,17
"b",20,2008,24
"c",20,2008,21
"a",21,2008,17
"b",21,2008,19
"c",21,2008,20
"a",22,2008,24
"b",22,2008,16
"c",22,2008,31
"a",23,2008,23
"b",23,2008,20
"c",23,2008,22
"a",24,2008,17
"b",24,2008,18
"c",24,2008,22
"a",25,2008,20
"b",25,2008,17
"c",25,2008,17
"a",26,2008,26
"b",26,2008,22
"c",26,2008,16
"a",27,2008,25
"b",27,2008,22
"c",27,2008,20
"a",28,2008,31
"b",28,2008,29
"c",28,2008,24
"a",29,2008,18
"b",29,2008,22
"c",29,2008,18
"a",30,2008,17
"b",30,2008,15
"c",30,2008,16
"a",31,2008,16
"b",31,2008,14
"c",31,2008,25
"a",32,2008,14
"b",32,2008,30
"c",32,2008,18
"a",33,2008,16
"b",33,2008,17
"c",33,2008,23
"a",34,2008,25
"b",34,2008,23
"c",34,2008,20
"a",35,2008,21
"b",35,2008,18
"c",35,2008,32
"a",36,2008,14
"b",36,2008,20
"c",36,2008,24
"a",37,2008,9
"b",37,2008,22
"c",37,2008,14
"a",38,2008,13
"b",38,2008,18
"c",38,2008,21
"a",39,2008,14
"b",39,2008,20
"c",39,2008,23
"a",40,2008,15
"b",40,2008,23
"c",40,2008,17
"a",41,2008,33
"b",41,2008,17
"c",41,2008,26
"a",42,2008,20
"b",42,2008,19
"c",42,2008,13
"a",43,2008,21
"b",43,2008,29
"c",43,2008,18
"a",44,2008,24
"b",44,2008,22
"c",44,2008,22
"a",45,2008,17
"b",45,2008,17
"c",45,2008,25
"a",46,2008,27
"b",46,2008,23
"c",46,2008,18
"a",47,2008,24
"b",47,2008,25
"c",47,2008,22
"a",48,2008,25
"b",48,2008,20
"c",48,2008,20
"a",49,2008,22
"b",49,2008,15
"c",49,2008,24
"a",50,2008,17
"b",50,2008,13
"c",50,2008,12
"a",51,2008,17
"b",51,2008,17
"c",51,2008,21
"a",52,2008,18
"b",52,2008,16
"c",52,2008,17
"a",53,2008,20
"b",53,2008,22
"c",53,2008,22
"a",54,2008,15
"b",54,2008,25
"c",54,2008,18
"a",55,2008,21
"b",55,2008,28
"c",55,2008,22
"a",56,2008,16
"b",56,2008,19
"c",56,2008,27
"a",57,2008,15
"b",57,2008,20
"c",57,2008,21
"a",58,2008,21
"b",58,2008,19
"c",58,2008,22
"a",59,2008,17
"b",59,2008,28
"c",59,2008,22
"a",60,2008,10
"b",60,2008,18
"c",60,2008,16
"a",61,2008,24
"b",61,2008,25
"c",61,2008,12
"a",62,2008,21
"b",62,2008,16
"c",62,2008,23
"a",63,2008,20
"b",63,2008,21
"c",63,2008,22
"a",64,2008,19
"b",64,2008,15
"c",64,2008,19
"a",65,2008,22
"b",65,2008,20
"c",65,2008,26
"a",66,2008,23
"b",66,2008,20
"c",66,2008,20
"a",67,2008,19
"b",67,2008,33
"c",67,2008,15
"a",68,2008,17
"b",68,2008,16
"c",68,2008,18
"a",69,2008,19
"b",69,2008,24
"c",69,2008,21
"a",70,2008,23
"b",70,2008,32
"c",70,2008,22
"a",71,2008,15
"b",71,2008,15
"c",71,2008,21
"a",72,2008,16
"b",72,2008,19
"c",72,2008,22
"a",73,2008,28
"b",73,2008,19
"c",73,2008,22
"a",74,2008,22
"b",74,2008,24
"c",74,2008,21
"a",75,2008,29
"b",75,2008,25
"c",75,2008,25
"a",76,2008,22
"b",76,2008,28
"c",76,2008,20
"a",77,2008,19
"b",77,2008,21
"c",77,2008,14
"a",78,2008,22
"b",78,2008,15
"c",78,2008,18
"a",79,2008,20
"b",79,2008,20
"c",79,2008,11
"a",80,2008,19
"b",80,2008,15
"c",80,2008,16
"a",81,2008,18
"b",81,2008,18
"c",81,2008,19
"a",82,2008,24
"b",82,2008,23
"c",82,2008,14
"a",83,2008,19
"b",83,2008,20
"c",83,2008,20
"a",84,2008,28
"b",84,2008,16
"c",84,2008,16
"a",85,2008,21
"b",85,2008,23
"c",85,2008,18
"a",86,2008,27
"b",86,2008,20
"c",86,2008,20
"a",87,2008,17
"b",87,2008,14
"c",87,2008,24
"a",88,2008,20
"b",88,2008,22
"c",88,2008,19
"a",89,2008,20
"b",89,2008,27
"c",89,2008,22
"a",90,2008,18
"b",90,2008,17
"c",90,2008,19
"a",91,2008,16
"b",91,2008,18
"c",91,2008,23
"a",92,2008,13
"b",92,2008,17
"c",92,2008,30
"a",93,2008,20
"b",93,2008,21
"c",93,2008,16
"a",94,2008,15
"b",94,2008,30
"c",94,2008,11
"a",95,2008,18
"b",95,2008,25
"c",95,2008,16
"a",96,2008,18
"b",96,2008,20
"c",96,2008,24
"a",97,2008,22
"b",97,2008,14
"c",97,2008,16
"a",98,2008,32
"b",98,2008,22
"c",98,2008,22
"a",99,2008,23
"b",99,2008,18
"c",99,2008,20
"a",100,2008,24
"b",100,2008,17
"c",100,2008,19
"a",1,2009,14
"b",1,2009,22
"c",1,2009,18
"a",2,2009,17
"b",2,2009,18
"c",2,2009,26
"a",3,2009,12
"b",3,2009,26
"c",3,2009,24
"a",4,2009,24
"b",4,2009,14
"c",4,2009,24
"a",5,2009,29
"b",5,2009,19
"c",5,2009,16
"a",6,2009,24
"b",6,2009,27
"c",6,2009,18
"a",7,2009,22
"b",7,2009,24
"c",7,2009,23
"a",8,2009,16
"b",8,2009,21
"c",8,2009,19
"a",9,2009,13
"b",9,2009,12
"c",9,2009,17
"a",10,2009,13
"b",10,2009,17
"c",10,2009,15
"a",11,2009,25
"b",11,2009,27
"c",11,2009,21
"a",12,2009,16
"b",12,2009,23
"c",12,2009,21
"a",13,2009,22
"b",13,2009,17
"c",13,2009,19
"a",14,2009,31
"b",14,2009,22
"c",14,2009,17
"a",15,2009,23
"b",15,2009,21
"c",15,2009,8
"a",16,2009,25
"b",16,2009,25
"c",16,2009,23
"a",17,2009,16
"b",17,2009,17
"c",17,2009,25
"a",18,2009,21
"b",18,2009,21
"c",18,2009,23
"a",19,2009,19
"b",19,2009,22
"c",19,2009,22
"a",20,2009,20
"b",20,2009,17
"c",20,2009,24
"a",21,2009,12
"b",21,2009,20
"c",21,2009,23
"a",22,2009,25
"b",22,2009,16
"c",22,2009,22
"a",23,2009,17
"b",23,2009,9
"c",23,2009,24
"a",24,2009,23
"b",24,2009,19
"c",24,2009,26
"a",25,2009,18
"b",25,2009,27
"c",25,2009,17
"a",26,2009,17
"b",26,2009,23
"c",26,2009,20
"a",27,2009,24
"b",27,2009,16
"c",27,2009,15
"a",28,2009,17
"b",28,2009,15
"c",28,2009,16
"a",29,2009,17
"b",29,2009,24
"c",29,2009,21
"a",30,2009,14
"b",30,2009,15
"c",30,2009,19
"a",31,2009,18
"b",31,2009,15
"c",31,2009,32
"a",32,2009,16
"b",32,2009,21
"c",32,2009,20
"a",33,2009,18
"b",33,2009,20
"c",33,2009,14
"a",34,2009,22
"b",34,2009,14
"c",34,2009,29
"a",35,2009,27
"b",35,2009,18
"c",35,2009,19
"a",36,2009,24
"b",36,2009,14
"c",36,2009,27
"a",37,2009,20
"b",37,2009,18
"c",37,2009,21
"a",38,2009,20
"b",38,2009,17
"c",38,2009,23
"a",39,2009,20
"b",39,2009,17
"c",39,2009,25
"a",40,2009,21
"b",40,2009,21
"c",40,2009,23
"a",41,2009,20
"b",41,2009,28
"c",41,2009,20
"a",42,2009,18
"b",42,2009,21
"c",42,2009,22
"a",43,2009,18
"b",43,2009,14
"c",43,2009,17
"a",44,2009,12
"b",44,2009,10
"c",44,2009,16
"a",45,2009,19
"b",45,2009,20
"c",45,2009,17
"a",46,2009,20
"b",46,2009,18
"c",46,2009,12
"a",47,2009,21
"b",47,2009,24
"c",47,2009,22
"a",48,2009,21
"b",48,2009,12
"c",48,2009,24
"a",49,2009,33
"b",49,2009,17
"c",49,2009,13
"a",50,2009,32
"b",50,2009,20
"c",50,2009,10
"a",51,2009,19
"b",51,2009,18
"c",51,2009,13
"a",52,2009,25
"b",52,2009,16
"c",52,2009,21
"a",53,2009,18
"b",53,2009,21
"c",53,2009,29
"a",54,2009,23
"b",54,2009,24
"c",54,2009,15
"a",55,2009,20
"b",55,2009,26
"c",55,2009,23
"a",56,2009,13
"b",56,2009,30
"c",56,2009,14
"a",57,2009,17
"b",57,2009,26
"c",57,2009,15
"a",58,2009,19
"b",58,2009,13
"c",58,2009,25
"a",59,2009,20
"b",59,2009,22
"c",59,2009,24
"a",60,2009,21
"b",60,2009,23
"c",60,2009,16
"a",61,2009,19
"b",61,2009,13
"c",61,2009,20
"a",62,2009,19
"b",62,2009,17
"c",62,2009,19
"a",63,2009,27
"b",63,2009,21
"c",63,2009,18
"a",64,2009,22
"b",64,2009,19
"c",64,2009,26
"a",65,2009,22
"b",65,2009,17
"c",65,2009,17
"a",66,2009,29
"b",66,2009,13
"c",66,2009,14
"a",67,2009,17
"b",67,2009,18
"c",67,2009,20
"a",68,2009,20
"b",68,2009,21
"c",68,2009,19
"a",69,2009,23
"b",69,2009,22
"c",69,2009,20
"a",70,2009,16
"b",70,2009,14
"c",70,2009,23
"a",71,2009,20
"b",71,2009,27
"c",71,2009,20
"a",72,2009,22
"b",72,2009,21
"c",72,2009,26
"a",73,2009,24
"b",73,2009,20
"c",73,2009,13
"a",74,2009,18
"b",74,2009,28
"c",74,2009,9
"a",75,2009,16
"b",75,2009,30
"c",75,2009,18
"a",76,2009,20
"b",76,2009,17
"c",76,2009,15
"a",77,2009,23
"b",77,2009,19
"c",77,2009,21
"a",78,2009,11
"b",78,2009,22
"c",78,2009,17
"a",79,2009,18
"b",79,2009,14
"c",79,2009,21
"a",80,2009,20
"b",80,2009,18
"c",80,2009,18
"a",81,2009,25
"b",81,2009,19
"c",81,2009,15
"a",82,2009,20
"b",82,2009,17
"c",82,2009,31
"a",83,2009,14
"b",83,2009,12
"c",83,2009,23
"a",84,2009,27
"b",84,2009,17
"c",84,2009,18
"a",85,2009,15
"b",85,2009,12
"c",85,2009,22
"a",86,2009,10
"b",86,2009,17
"c",86,2009,23
"a",87,2009,22
"b",87,2009,20
"c",87,2009,17
"a",88,2009,21
"b",88,2009,21
"c",88,2009,17
"a",89,2009,29
"b",89,2009,25
"c",89,2009,13
"a",90,2009,14
"b",90,2009,27
"c",90,2009,21
"a",91,2009,19
"b",91,2009,10
"c",91,2009,13
"a",92,2009,23
"b",92,2009,14
"c",92,2009,18
"a",93,2009,14
"b",93,2009,18
"c",93,2009,18
"a",94,2009,23
"b",94,2009,22
"c",94,2009,19
"a",95,2009,22
"b",95,2009,19
"c",95,2009,18
"a",96,2009,24
"b",96,2009,19
"c",96,2009,19
"a",97,2009,20
"b",97,2009,14
"c",97,2009,18
"a",98,2009,20
"b",98,2009,26
"c",98,2009,22
"a",99,2009,19
"b",99,2009,21
"c",99,2009,26
"a",100,2009,18
"b",100,2009,18
"c",100,2009,22
"a",1,2010,15
"b",1,2010,21
"c",1,2010,18
"a",2,2010,19
"b",2,2010,18
"c",2,2010,20
"a",3,2010,21
"b",3,2010,26
"c",3,2010,25
"a",4,2010,19
"b",4,2010,16
"c",4,2010,22
"a",5,2010,18
"b",5,2010,25
"c",5,2010,22
"a",6,2010,22
"b",6,2010,19
"c",6,2010,25
"a",7,2010,18
"b",7,2010,14
"c",7,2010,21
"a",8,2010,16
"b",8,2010,23
"c",8,2010,19
"a",9,2010,24
"b",9,2010,30
"c",9,2010,27
"a",10,2010,22
"b",10,2010,11
"c",10,2010,21
"a",11,2010,14
"b",11,2010,18
"c",11,2010,22
"a",12,2010,24
"b",12,2010,16
"c",12,2010,26
"a",13,2010,20
"b",13,2010,15
"c",13,2010,24
"a",14,2010,30
"b",14,2010,19
"c",14,2010,16
"a",15,2010,20
"b",15,2010,17
"c",15,2010,21
"a",16,2010,15
"b",16,2010,20
"c",16,2010,19
"a",17,2010,9
"b",17,2010,15
"c",17,2010,24
"a",18,2010,27
"b",18,2010,29
"c",18,2010,20
"a",19,2010,14
"b",19,2010,25
"c",19,2010,17
"a",20,2010,27
"b",20,2010,24
"c",20,2010,18
"a",21,2010,13
"b",21,2010,23
"c",21,2010,21
"a",22,2010,29
"b",22,2010,24
"c",22,2010,25
"a",23,2010,16
"b",23,2010,16
"c",23,2010,24
"a",24,2010,19
"b",24,2010,23
"c",24,2010,23
"a",25,2010,18
"b",25,2010,14
"c",25,2010,20
"a",26,2010,23
"b",26,2010,26
"c",26,2010,19
"a",27,2010,24
"b",27,2010,20
"c",27,2010,15
"a",28,2010,12
"b",28,2010,15
"c",28,2010,14
"a",29,2010,23
"b",29,2010,24
"c",29,2010,14
"a",30,2010,18
"b",30,2010,17
"c",30,2010,18
"a",31,2010,10
"b",31,2010,18
"c",31,2010,16
"a",32,2010,10
"b",32,2010,20
"c",32,2010,24
"a",33,2010,19
"b",33,2010,27
"c",33,2010,21
"a",34,2010,18
"b",34,2010,21
"c",34,2010,21
"a",35,2010,17
"b",35,2010,18
"c",35,2010,18
"a",36,2010,14
"b",36,2010,25
"c",36,2010,26
"a",37,2010,21
"b",37,2010,23
"c",37,2010,16
"a",38,2010,16
"b",38,2010,13
"c",38,2010,26
"a",39,2010,33
"b",39,2010,18
"c",39,2010,24
"a",40,2010,20
"b",40,2010,12
"c",40,2010,28
"a",41,2010,23
"b",41,2010,10
"c",41,2010,16
"a",42,2010,25
"b",42,2010,16
"c",42,2010,23
"a",43,2010,24
"b",43,2010,18
"c",43,2010,13
"a",44,2010,24
"b",44,2010,14
"c",44,2010,15
"a",45,2010,23
"b",45,2010,27
"c",45,2010,22
"a",46,2010,22
"b",46,2010,19
"c",46,2010,15
"a",47,2010,24
"b",47,2010,22
"c",47,2010,19
"a",48,2010,21
"b",48,2010,19
"c",48,2010,22
"a",49,2010,17
"b",49,2010,17
"c",49,2010,16
"a",50,2010,18
"b",50,2010,26
"c",50,2010,20
"a",51,2010,17
"b",51,2010,21
"c",51,2010,20
"a",52,2010,18
"b",52,2010,15
"c",52,2010,20
"a",53,2010,27
"b",53,2010,28
"c",53,2010,24
"a",54,2010,21
"b",54,2010,13
"c",54,2010,24
"a",55,2010,16
"b",55,2010,18
"c",55,2010,19
"a",56,2010,23
"b",56,2010,22
"c",56,2010,16
"a",57,2010,24
"b",57,2010,22
"c",57,2010,21
"a",58,2010,17
"b",58,2010,23
"c",58,2010,22
"a",59,2010,23
"b",59,2010,13
"c",59,2010,29
"a",60,2010,17
"b",60,2010,26
"c",60,2010,21
"a",61,2010,16
"b",61,2010,21
"c",61,2010,22
"a",62,2010,34
"b",62,2010,22
"c",62,2010,23
"a",63,2010,23
"b",63,2010,27
"c",63,2010,19
"a",64,2010,16
"b",64,2010,14
"c",64,2010,18
"a",65,2010,26
"b",65,2010,22
"c",65,2010,18
"a",66,2010,25
"b",66,2010,21
"c",66,2010,24
"a",67,2010,18
"b",67,2010,19
"c",67,2010,21
"a",68,2010,29
"b",68,2010,30
"c",68,2010,20
"a",69,2010,22
"b",69,2010,20
"c",69,2010,21
"a",70,2010,20
"b",70,2010,27
"c",70,2010,16
"a",71,2010,16
"b",71,2010,21
"c",71,2010,13
"a",72,2010,20
"b",72,2010,23
"c",72,2010,21
"a",73,2010,19
"b",73,2010,28
"c",73,2010,18
"a",74,2010,34
"b",74,2010,17
"c",74,2010,21
"a",75,2010,18
"b",75,2010,28
"c",75,2010,20
"a",76,2010,16
"b",76,2010,25
"c",76,2010,20
"a",77,2010,24
"b",77,2010,27
"c",77,2010,16
"a",78,2010,20
"b",78,2010,16
"c",78,2010,11
"a",79,2010,9
"b",79,2010,22
"c",79,2010,26
"a",80,2010,14
"b",80,2010,21
"c",80,2010,14
"a",81,2010,17
"b",81,2010,26
"c",81,2010,16
"a",82,2010,16
"b",82,2010,18
"c",82,2010,20
"a",83,2010,23
"b",83,2010,16
"c",83,2010,28
"a",84,2010,18
"b",84,2010,23
"c",84,2010,25
"a",85,2010,20
"b",85,2010,15
"c",85,2010,22
"a",86,2010,12
"b",86,2010,17
"c",86,2010,24
"a",87,2010,19
"b",87,2010,27
"c",87,2010,24
"a",88,2010,17
"b",88,2010,23
"c",88,2010,21
"a",89,2010,13
"b",89,2010,17
"c",89,2010,22
"a",90,2010,20
"b",90,2010,20
"c",90,2010,15
"a",91,2010,17
"b",91,2010,27
"c",91,2010,22
"a",92,2010,23
"b",92,2010,20
"c",92,2010,16
"a",93,2010,17
"b",93,2010,18
"c",93,2010,15
"a",94,2010,15
"b",94,2010,17
"c",94,2010,18
"a",95,2010,20
"b",95,2010,22
"c",95,2010,13
"a",96,2010,20
"b",96,2010,12
"c",96,2010,17
"a",97,2010,17
"b",97,2010,17
"c",97,2010,24
"a",98,2010,27
"b",98,2010,21
"c",98,2010,15
"a",99,2010,19
"b",99,2010,18
"c",99,2010,15
"a",100,2010,23
"b",100,2010,23
"c",100,2010,22
"a",1,2011,16
"b",1,2011,23
"c",1,2011,19
"a",2,2011,20
"b",2,2011,20
"c",2,2011,22
"a",3,2011,16
"b",3,2011,14
"c",3,2011,15
"a",4,2011,13
"b",4,2011,19
"c",4,2011,16
"a",5,2011,18
"b",5,2011,17
"c",5,2011,21
"a",6,2011,15
"b",6,2011,24
"c",6,2011,17
"a",7,2011,18
"b",7,2011,15
"c",7,2011,30
"a",8,2011,22
"b",8,2011,32
"c",8,2011,26
"a",9,2011,16
"b",9,2011,19
"c",9,2011,21
"a",10,2011,21
"b",10,2011,29
"c",10,2011,18
"a",11,2011,23
"b",11,2011,18
"c",11,2011,15
"a",12,2011,21
"b",12,2011,23
"c",12,2011,20
"a",13,2011,26
"b",13,2011,24
"c",13,2011,25
"a",14,2011,18
"b",14,2011,22
"c",14,2011,20
"a",15,2011,27
"b",15,2011,23
"c",15,2011,22
"a",16,2011,20
"b",16,2011,21
"c",16,2011,21
"a",17,2011,21
"b",17,2011,21
"c",17,2011,18
"a",18,2011,23
"b",18,2011,20
"c",18,2011,17
"a",19,2011,30
"b",19,2011,22
"c",19,2011,18
"a",20,2011,23
"b",20,2011,18
"c",20,2011,21
"a",21,2011,9
"b",21,2011,21
"c",21,2011,14
"a",22,2011,23
"b",22,2011,23
"c",22,2011,22
"a",23,2011,19
"b",23,2011,15
"c",23,2011,27
"a",24,2011,19
"b",24,2011,17
"c",24,2011,19
"a",25,2011,15
"b",25,2011,20
"c",25,2011,18
"a",26,2011,22
"b",26,2011,28
"c",26,2011,14
"a",27,2011,18
"b",27,2011,21
"c",27,2011,16
"a",28,2011,22
"b",28,2011,13
"c",28,2011,26
"a",29,2011,18
"b",29,2011,21
"c",29,2011,30
"a",30,2011,24
"b",30,2011,22
"c",30,2011,23
"a",31,2011,25
"b",31,2011,22
"c",31,2011,21
"a",32,2011,18
"b",32,2011,27
"c",32,2011,15
"a",33,2011,17
"b",33,2011,16
"c",33,2011,25
"a",34,2011,21
"b",34,2011,33
"c",34,2011,13
"a",35,2011,17
"b",35,2011,25
"c",35,2011,19
"a",36,2011,15
"b",36,2011,27
"c",36,2011,14
"a",37,2011,29
"b",37,2011,20
"c",37,2011,14
"a",38,2011,17
"b",38,2011,17
"c",38,2011,11
"a",39,2011,16
"b",39,2011,18
"c",39,2011,20
"a",40,2011,20
"b",40,2011,19
"c",40,2011,13
"a",41,2011,19
"b",41,2011,16
"c",41,2011,16
"a",42,2011,13
"b",42,2011,25
"c",42,2011,20
"a",43,2011,19
"b",43,2011,15
"c",43,2011,18
"a",44,2011,19
"b",44,2011,22
"c",44,2011,11
"a",45,2011,38
"b",45,2011,16
"c",45,2011,13
"a",46,2011,25
"b",46,2011,22
"c",46,2011,23
"a",47,2011,22
"b",47,2011,16
"c",47,2011,23
"a",48,2011,16
"b",48,2011,24
"c",48,2011,23
"a",49,2011,13
"b",49,2011,18
"c",49,2011,25
"a",50,2011,22
"b",50,2011,19
"c",50,2011,25
"a",51,2011,14
"b",51,2011,19
"c",51,2011,12
"a",52,2011,27
"b",52,2011,27
"c",52,2011,23
"a",53,2011,18
"b",53,2011,10
"c",53,2011,32
"a",54,2011,13
"b",54,2011,16
"c",54,2011,16
"a",55,2011,26
"b",55,2011,27
"c",55,2011,10
"a",56,2011,27
"b",56,2011,18
"c",56,2011,12
"a",57,2011,20
"b",57,2011,18
"c",57,2011,21
"a",58,2011,24
"b",58,2011,18
"c",58,2011,20
"a",59,2011,18
"b",59,2011,16
"c",59,2011,14
"a",60,2011,24
"b",60,2011,19
"c",60,2011,23
"a",61,2011,19
"b",61,2011,15
"c",61,2011,22
"a",62,2011,23
"b",62,2011,20
"c",62,2011,18
"a",63,2011,18
"b",63,2011,11
"c",63,2011,15
"a",64,2011,21
"b",64,2011,18
"c",64,2011,24
"a",65,2011,16
"b",65,2011,20
"c",65,2011,18
"a",66,2011,20
"b",66,2011,21
"c",66,2011,27
"a",67,2011,18
"b",67,2011,28
"c",67,2011,23
"a",68,2011,14
"b",68,2011,18
"c",68,2011,23
"a",69,2011,23
"b",69,2011,22
"c",69,2011,16
"a",70,2011,20
"b",70,2011,28
"c",70,2011,21
"a",71,2011,20
"b",71,2011,22
"c",71,2011,12
"a",72,2011,26
"b",72,2011,27
"c",72,2011,18
"a",73,2011,19
"b",73,2011,17
"c",73,2011,20
"a",74,2011,23
"b",74,2011,19
"c",74,2011,17
"a",75,2011,32
"b",75,2011,25
"c",75,2011,34
"a",76,2011,21
"b",76,2011,17
"c",76,2011,22
"a",77,2011,13
"b",77,2011,22
"c",77,2011,20
"a",78,2011,20
"b",78,2011,16
"c",78,2011,19
"a",79,2011,26
"b",79,2011,23
"c",79,2011,19
"a",80,2011,24
"b",80,2011,15
"c",80,2011,12
"a",81,2011,26
"b",81,2011,19
"c",81,2011,17
"a",82,2011,19
"b",82,2011,12
"c",82,2011,27
"a",83,2011,19
"b",83,2011,19
"c",83,2011,17
"a",84,2011,12
"b",84,2011,26
"c",84,2011,17
"a",85,2011,18
"b",85,2011,16
"c",85,2011,19
"a",86,2011,13
"b",86,2011,15
"c",86,2011,14
"a",87,2011,16
"b",87,2011,24
"c",87,2011,16
"a",88,2011,17
"b",88,2011,17
"c",88,2011,15
"a",89,2011,25
"b",89,2011,22
"c",89,2011,17
"a",90,2011,18
"b",90,2011,20
"c",90,2011,27
"a",91,2011,18
"b",91,2011,17
"c",91,2011,17
"a",92,2011,19
"b",92,2011,18
"c",92,2011,20
"a",93,2011,21
"b",93,2011,18
"c",93,2011,23
"a",94,2011,19
"b",94,2011,18
"c",94,2011,15
"a",95,2011,28
"b",95,2011,17
"c",95,2011,25
"a",96,2011,27
"b",96,2011,27
"c",96,2011,26
"a",97,2011,17
"b",97,2011,17
"c",97,2011,25
"a",98,2011,14
"b",98,2011,19
"c",98,2011,15
"a",99,2011,23
"b",99,2011,17
"c",99,2011,19
"a",100,2011,28
"b",100,2011,24
"c",100,2011,19
"a",1,2012,30
"b",1,2012,19
"c",1,2012,24
"a",2,2012,18
"b",2,2012,19
"c",2,2012,20
"a",3,2012,22
"b",3,2012,23
"c",3,2012,22
"a",4,2012,20
"b",4,2012,17
"c",4,2012,20
"a",5,2012,20
"b",5,2012,14
"c",5,2012,19
"a",6,2012,21
"b",6,2012,22
"c",6,2012,15
"a",7,2012,18
"b",7,2012,19
"c",7,2012,25
"a",8,2012,19
"b",8,2012,17
"c",8,2012,16
"a",9,2012,12
"b",9,2012,20
"c",9,2012,20
"a",10,2012,28
"b",10,2012,23
"c",10,2012,25
"a",11,2012,17
"b",11,2012,12
"c",11,2012,18
"a",12,2012,20
"b",12,2012,13
"c",12,2012,19
"a",13,2012,12
"b",13,2012,16
"c",13,2012,20
"a",14,2012,28
"b",14,2012,19
"c",14,2012,27
"a",15,2012,26
"b",15,2012,21
"c",15,2012,28
"a",16,2012,20
"b",16,2012,14
"c",16,2012,29
"a",17,2012,15
"b",17,2012,18
"c",17,2012,19
"a",18,2012,16
"b",18,2012,11
"c",18,2012,15
"a",19,2012,13
"b",19,2012,10
"c",19,2012,19
"a",20,2012,27
"b",20,2012,26
"c",20,2012,28
"a",21,2012,25
"b",21,2012,20
"c",21,2012,19
"a",22,2012,19
"b",22,2012,22
"c",22,2012,15
"a",23,2012,18
"b",23,2012,18
"c",23,2012,12
"a",24,2012,18
"b",24,2012,27
"c",24,2012,20
"a",25,2012,23
"b",25,2012,27
"c",25,2012,23
"a",26,2012,28
"b",26,2012,18
"c",26,2012,22
"a",27,2012,22
"b",27,2012,19
"c",27,2012,25
"a",28,2012,21
"b",28,2012,16
"c",28,2012,20
"a",29,2012,20
"b",29,2012,23
"c",29,2012,16
"a",30,2012,29
"b",30,2012,19
"c",30,2012,17
"a",31,2012,21
"b",31,2012,19
"c",31,2012,23
"a",32,2012,20
"b",32,2012,19
"c",32,2012,16
"a",33,2012,23
"b",33,2012,26
"c",33,2012,19
"a",34,2012,16
"b",34,2012,21
"c",34,2012,12
"a",35,2012,23
"b",35,2012,30
"c",35,2012,14
"a",36,2012,24
"b",36,2012,12
"c",36,2012,22
"a",37,2012,20
"b",37,2012,16
"c",37,2012,22
"a",38,2012,24
"b",38,2012,24
"c",38,2012,27
"a",39,2012,14
"b",39,2012,21
"c",39,2012,23
"a",40,2012,22
"b",40,2012,19
"c",40,2012,19
"a",41,2012,18
"b",41,2012,25
"c",41,2012,19
"a",42,2012,24
"b",42,2012,21
"c",42,2012,18
"a",43,2012,13
"b",43,2012,26
"c",43,2012,36
"a",44,2012,14
"b",44,2012,19
"c",44,2012,27
"a",45,2012,17
"b",45,2012,24
"c",45,2012,19
"a",46,2012,18
"b",46,2012,24
"c",46,2012,14
"a",47,2012,19
"b",47,2012,24
"c",47,2012,18
"a",48,2012,19
"b",48,2012,24
"c",48,2012,15
"a",49,2012,21
"b",49,2012,21
"c",49,2012,20
"a",50,2012,13
"b",50,2012,23
"c",50,2012,28
"a",51,2012,14
"b",51,2012,23
"c",51,2012,13
"a",52,2012,19
"b",52,2012,25
"c",52,2012,15
"a",53,2012,14
"b",53,2012,18
"c",53,2012,18
"a",54,2012,16
"b",54,2012,24
"c",54,2012,19
"a",55,2012,15
"b",55,2012,21
"c",55,2012,23
"a",56,2012,21
"b",56,2012,22
"c",56,2012,22
"a",57,2012,17
"b",57,2012,15
"c",57,2012,22
"a",58,2012,28
"b",58,2012,15
"c",58,2012,21
"a",59,2012,18
"b",59,2012,15
"c",59,2012,14
"a",60,2012,23
"b",60,2012,12
"c",60,2012,24
"a",61,2012,24
"b",61,2012,21
"c",61,2012,21
"a",62,2012,18
"b",62,2012,18
"c",62,2012,16
"a",63,2012,24
"b",63,2012,28
"c",63,2012,25
"a",64,2012,11
"b",64,2012,30
"c",64,2012,20
"a",65,2012,13
"b",65,2012,17
"c",65,2012,16
"a",66,2012,13
"b",66,2012,18
"c",66,2012,18
"a",67,2012,26
"b",67,2012,20
"c",67,2012,24
"a",68,2012,24
"b",68,2012,12
"c",68,2012,21
"a",69,2012,18
"b",69,2012,26
"c",69,2012,20
"a",70,2012,20
"b",70,2012,18
"c",70,2012,22
"a",71,2012,17
"b",71,2012,25
"c",71,2012,23
"a",72,2012,11
"b",72,2012,17
"c",72,2012,23
"a",73,2012,13
"b",73,2012,26
"c",73,2012,20
"a",74,2012,12
"b",74,2012,23
"c",74,2012,22
"a",75,2012,16
"b",75,2012,21
"c",75,2012,24
"a",76,2012,19
"b",76,2012,27
"c",76,2012,19
"a",77,2012,26
"b",77,2012,18
"c",77,2012,20
"a",78,2012,22
"b",78,2012,20
"c",78,2012,24
"a",79,2012,10
"b",79,2012,18
"c",79,2012,18
"a",80,2012,22
"b",80,2012,23
"c",80,2012,15
"a",81,2012,22
"b",81,2012,24
"c",81,2012,28
"a",82,2012,14
"b",82,2012,14
"c",82,2012,19
"a",83,2012,20
"b",83,2012,17
"c",83,2012,22
"a",84,2012,24
"b",84,2012,20
"c",84,2012,20
"a",85,2012,22
"b",85,2012,15
"c",85,2012,27
"a",86,2012,14
"b",86,2012,20
"c",86,2012,16
"a",87,2012,26
"b",87,2012,21
"c",87,2012,19
"a",88,2012,14
"b",88,2012,18
"c",88,2012,27
"a",89,2012,25
"b",89,2012,23
"c",89,2012,18
"a",90,2012,16
"b",90,2012,18
"c",90,2012,23
"a",91,2012,24
"b",91,2012,28
"c",91,2012,27
"a",92,2012,14
"b",92,2012,10
"c",92,2012,29
"a",93,2012,24
"b",93,2012,20
"c",93,2012,16
"a",94,2012,21
"b",94,2012,23
"c",94,2012,21
"a",95,2012,24
"b",95,2012,31
"c",95,2012,23
"a",96,2012,28
"b",96,2012,16
"c",96,2012,23
"a",97,2012,20
"b",97,2012,12
"c",97,2012,20
"a",98,2012,21
"b",98,2012,19
"c",98,2012,19
"a",99,2012,21
"b",99,2012,22
"c",99,2012,18
"a",100,2012,29
"b",100,2012,22
"c",100,2012,20
"a",1,2013,25
"b",1,2013,23
"c",1,2013,19
"a",2,2013,18
"b",2,2013,16
"c",2,2013,12
"a",3,2013,15
"b",3,2013,19
"c",3,2013,16
"a",4,2013,22
"b",4,2013,19
"c",4,2013,19
"a",5,2013,29
"b",5,2013,19
"c",5,2013,22
"a",6,2013,23
"b",6,2013,20
"c",6,2013,21
"a",7,2013,18
"b",7,2013,18
"c",7,2013,27
"a",8,2013,9
"b",8,2013,15
"c",8,2013,24
"a",9,2013,17
"b",9,2013,23
"c",9,2013,18
"a",10,2013,15
"b",10,2013,19
"c",10,2013,23
"a",11,2013,17
"b",11,2013,26
"c",11,2013,30
"a",12,2013,20
"b",12,2013,20
"c",12,2013,21
"a",13,2013,21
"b",13,2013,15
"c",13,2013,23
"a",14,2013,17
"b",14,2013,16
"c",14,2013,11
"a",15,2013,20
"b",15,2013,25
"c",15,2013,22
"a",16,2013,16
"b",16,2013,18
"c",16,2013,24
"a",17,2013,19
"b",17,2013,19
"c",17,2013,22
"a",18,2013,23
"b",18,2013,21
"c",18,2013,20
"a",19,2013,19
"b",19,2013,24
"c",19,2013,21
"a",20,2013,12
"b",20,2013,20
"c",20,2013,14
"a",21,2013,26
"b",21,2013,21
"c",21,2013,17
"a",22,2013,32
"b",22,2013,19
"c",22,2013,28
"a",23,2013,26
"b",23,2013,23
"c",23,2013,24
"a",24,2013,22
"b",24,2013,20
"c",24,2013,19
"a",25,2013,26
"b",25,2013,23
"c",25,2013,18
"a",26,2013,21
"b",26,2013,25
"c",26,2013,21
"a",27,2013,14
"b",27,2013,15
"c",27,2013,21
"a",28,2013,20
"b",28,2013,14
"c",28,2013,22
"a",29,2013,14
"b",29,2013,24
"c",29,2013,22
"a",30,2013,22
"b",30,2013,20
"c",30,2013,25
"a",31,2013,16
"b",31,2013,23
"c",31,2013,24
"a",32,2013,17
"b",32,2013,18
"c",32,2013,17
"a",33,2013,25
"b",33,2013,20
"c",33,2013,20
"a",34,2013,26
"b",34,2013,19
"c",34,2013,15
"a",35,2013,10
"b",35,2013,15
"c",35,2013,21
"a",36,2013,12
"b",36,2013,15
"c",36,2013,23
"a",37,2013,25
"b",37,2013,23
"c",37,2013,17
"a",38,2013,26
"b",38,2013,20
"c",38,2013,33
"a",39,2013,21
"b",39,2013,18
"c",39,2013,25
"a",40,2013,26
"b",40,2013,25
"c",40,2013,14
"a",41,2013,26
"b",41,2013,25
"c",41,2013,15
"a",42,2013,25
"b",42,2013,18
"c",42,2013,19
"a",43,2013,20
"b",43,2013,11
"c",43,2013,23
"a",44,2013,24
"b",44,2013,13
"c",44,2013,23
"a",45,2013,21
"b",45,2013,25
"c",45,2013,19
"a",46,2013,20
"b",46,2013,14
"c",46,2013,24
"a",47,2013,30
"b",47,2013,20
"c",47,2013,17
"a",48,2013,23
"b",48,2013,16
"c",48,2013,21
"a",49,2013,22
"b",49,2013,21
"c",49,2013,26
"a",50,2013,27
"b",50,2013,21
"c",50,2013,22
"a",51,2013,24
"b",51,2013,14
"c",51,2013,16
"a",52,2013,18
"b",52,2013,23
"c",52,2013,15
"a",53,2013,21
"b",53,2013,13
"c",53,2013,19
"a",54,2013,20
"b",54,2013,14
"c",54,2013,18
"a",55,2013,18
"b",55,2013,19
"c",55,2013,20
"a",56,2013,22
"b",56,2013,25
"c",56,2013,23
"a",57,2013,12
"b",57,2013,23
"c",57,2013,21
"a",58,2013,23
"b",58,2013,22
"c",58,2013,15
"a",59,2013,19
"b",59,2013,32
"c",59,2013,24
"a",60,2013,16
"b",60,2013,24
"c",60,2013,15
"a",61,2013,17
"b",61,2013,19
"c",61,2013,23
"a",62,2013,18
"b",62,2013,22
"c",62,2013,22
"a",63,2013,21
"b",63,2013,15
"c",63,2013,20
"a",64,2013,24
"b",64,2013,29
"c",64,2013,27
"a",65,2013,17
"b",65,2013,25
"c",65,2013,13
"a",66,2013,12
"b",66,2013,18
"c",66,2013,21
"a",67,2013,11
"b",67,2013,28
"c",67,2013,17
"a",68,2013,23
"b",68,2013,22
"c",68,2013,24
"a",69,2013,19
"b",69,2013,20
"c",69,2013,17
"a",70,2013,16
"b",70,2013,22
"c",70,2013,16
"a",71,2013,26
"b",71,2013,20
"c",71,2013,20
"a",72,2013,17
"b",72,2013,11
"c",72,2013,21
"a",73,2013,18
"b",73,2013,20
"c",73,2013,28
"a",74,2013,21
"b",74,2013,24
"c",74,2013,21
"a",75,2013,20
"b",75,2013,27
"c",75,2013,10
"a",76,2013,16
"b",76,2013,15
"c",76,2013,19
"a",77,2013,16
"b",77,2013,22
"c",77,2013,18
"a",78,2013,8
"b",78,2013,18
"c",78,2013,24
"a",79,2013,20
"b",79,2013,23
"c",79,2013,23
"a",80,2013,22
"b",80,2013,14
"c",80,2013,21
"a",81,2013,24
"b",81,2013,24
"c",81,2013,15
"a",82,2013,18
"b",82,2013,20
"c",82,2013,18
"a",83,2013,23
"b",83,2013,16
"c",83,2013,23
"a",84,2013,22
"b",84,2013,22
"c",84,2013,22
"a",85,2013,22
"b",85,2013,22
"c",85,2013,19
"a",86,2013,17
"b",86,2013,36
"c",86,2013,16
"a",87,2013,20
"b",87,2013,18
"c",87,2013,37
"a",88,2013,21
"b",88,2013,23
"c",88,2013,23
"a",89,2013,16
"b",89,2013,24
"c",89,2013,21
"a",90,2013,17
"b",90,2013,22
"c",90,2013,16
"a",91,2013,17
"b",91,2013,9
"c",91,2013,26
"a",92,2013,16
"b",92,2013,24
"c",92,2013,22
"a",93,2013,23
"b",93,2013,11
"c",93,2013,21
"a",94,2013,21
"b",94,2013,22
"c",94,2013,32
"a",95,2013,24
"b",95,2013,15
"c",95,2013,9
"a",96,2013,25
"b",96,2013,21
"c",96,2013,20
"a",97,2013,12
"b",97,2013,14
"c",97,2013,16
"a",98,2013,28
"b",98,2013,14
"c",98,2013,16
"a",99,2013,17
"b",99,2013,23
"c",99,2013,18
"a",100,2013,21
"b",100,2013,24
"c",100,2013,17
"a",1,2014,24
"b",1,2014,28
"c",1,2014,13
"a",2,2014,24
"b",2,2014,18
"c",2,2014,13
"a",3,2014,23
"b",3,2014,22
"c",3,2014,20
"a",4,2014,20
"b",4,2014,19
"c",4,2014,17
"a",5,2014,27
"b",5,2014,25
"c",5,2014,20
"a",6,2014,24
"b",6,2014,18
"c",6,2014,15
"a",7,2014,25
"b",7,2014,22
"c",7,2014,11
"a",8,2014,26
"b",8,2014,25
"c",8,2014,20
"a",9,2014,26
"b",9,2014,24
"c",9,2014,16
"a",10,2014,24
"b",10,2014,12
"c",10,2014,20
"a",11,2014,23
"b",11,2014,24
"c",11,2014,19
"a",12,2014,20
"b",12,2014,21
"c",12,2014,22
"a",13,2014,20
"b",13,2014,20
"c",13,2014,22
"a",14,2014,29
"b",14,2014,19
"c",14,2014,16
"a",15,2014,19
"b",15,2014,30
"c",15,2014,12
"a",16,2014,32
"b",16,2014,26
"c",16,2014,21
"a",17,2014,21
"b",17,2014,21
"c",17,2014,18
"a",18,2014,24
"b",18,2014,19
"c",18,2014,26
"a",19,2014,23
"b",19,2014,20
"c",19,2014,13
"a",20,2014,26
"b",20,2014,17
"c",20,2014,24
"a",21,2014,17
"b",21,2014,13
"c",21,2014,24
"a",22,2014,16
"b",22,2014,21
"c",22,2014,25
"a",23,2014,15
"b",23,2014,28
"c",23,2014,19
"a",24,2014,17
"b",24,2014,19
"c",24,2014,22
"a",25,2014,30
"b",25,2014,19
"c",25,2014,18
"a",26,2014,25
"b",26,2014,24
"c",26,2014,24
"a",27,2014,20
"b",27,2014,32
"c",27,2014,17
"a",28,2014,15
"b",28,2014,17
"c",28,2014,31
"a",29,2014,15
"b",29,2014,18
"c",29,2014,17
"a",30,2014,22
"b",30,2014,23
"c",30,2014,18
"a",31,2014,12
"b",31,2014,18
"c",31,2014,26
"a",32,2014,24
"b",32,2014,17
"c",32,2014,21
"a",33,2014,22
"b",33,2014,23
"c",33,2014,30
"a",34,2014,22
"b",34,2014,21
"c",34,2014,19
"a",35,2014,23
"b",35,2014,21
"c",35,2014,19
"a",36,2014,24
"b",36,2014,24
"c",36,2014,21
"a",37,2014,18
"b",37,2014,19
"c",37,2014,21
"a",38,2014,19
"b",38,2014,14
"c",38,2014,22
"a",39,2014,19
"b",39,2014,19
"c",39,2014,17
"a",40,2014,13
"b",40,2014,17
"c",40,2014,17
"a",41,2014,20
"b",41,2014,25
"c",41,2014,19
"a",42,2014,21
"b",42,2014,23
"c",42,2014,24
"a",43,2014,15
"b",43,2014,21
"c",43,2014,15
"a",44,2014,24
"b",44,2014,19
"c",44,2014,19
"a",45,2014,27
"b",45,2014,17
"c",45,2014,18
"a",46,2014,21
"b",46,2014,19
"c",46,2014,21
"a",47,2014,15
"b",47,2014,21
"c",47,2014,16
"a",48,2014,28
"b",48,2014,19
"c",48,2014,17
"a",49,2014,23
"b",49,2014,17
"c",49,2014,19
"a",50,2014,24
"b",50,2014,17
"c",50,2014,22
"a",51,2014,20
"b",51,2014,15
"c",51,2014,17
"a",52,2014,15
"b",52,2014,23
"c",52,2014,22
"a",53,2014,21
"b",53,2014,13
"c",53,2014,17
"a",54,2014,22
"b",54,2014,20
"c",54,2014,23
"a",55,2014,16
"b",55,2014,16
"c",55,2014,22
"a",56,2014,22
"b",56,2014,25
"c",56,2014,12
"a",57,2014,22
"b",57,2014,11
"c",57,2014,27
"a",58,2014,17
"b",58,2014,22
"c",58,2014,19
"a",59,2014,19
"b",59,2014,15
"c",59,2014,21
"a",60,2014,24
"b",60,2014,20
"c",60,2014,24
"a",61,2014,20
"b",61,2014,20
"c",61,2014,20
"a",62,2014,18
"b",62,2014,25
"c",62,2014,18
"a",63,2014,22
"b",63,2014,25
"c",63,2014,24
"a",64,2014,20
"b",64,2014,21
"c",64,2014,16
"a",65,2014,20
"b",65,2014,14
"c",65,2014,18
"a",66,2014,32
"b",66,2014,14
"c",66,2014,25
"a",67,2014,19
"b",67,2014,23
"c",67,2014,27
"a",68,2014,17
"b",68,2014,16
"c",68,2014,18
"a",69,2014,18
"b",69,2014,18
"c",69,2014,22
"a",70,2014,22
"b",70,2014,16
"c",70,2014,27
"a",71,2014,18
"b",71,2014,24
"c",71,2014,20
"a",72,2014,26
"b",72,2014,17
"c",72,2014,22
"a",73,2014,12
"b",73,2014,22
"c",73,2014,17
"a",74,2014,21
"b",74,2014,20
"c",74,2014,19
"a",75,2014,9
"b",75,2014,26
"c",75,2014,13
"a",76,2014,26
"b",76,2014,25
"c",76,2014,14
"a",77,2014,12
"b",77,2014,19
"c",77,2014,15
"a",78,2014,26
"b",78,2014,23
"c",78,2014,23
"a",79,2014,20
"b",79,2014,29
"c",79,2014,29
"a",80,2014,23
"b",80,2014,23
"c",80,2014,29
"a",81,2014,22
"b",81,2014,14
"c",81,2014,13
"a",82,2014,12
"b",82,2014,26
"c",82,2014,16
"a",83,2014,15
"b",83,2014,24
"c",83,2014,28
"a",84,2014,24
"b",84,2014,21
"c",84,2014,19
"a",85,2014,18
"b",85,2014,19
"c",85,2014,20
"a",86,2014,25
"b",86,2014,14
"c",86,2014,19
"a",87,2014,20
"b",87,2014,29
"c",87,2014,17
"a",88,2014,20
"b",88,2014,25
"c",88,2014,14
"a",89,2014,23
"b",89,2014,17
"c",89,2014,20
"a",90,2014,19
"b",90,2014,9
"c",90,2014,17
"a",91,2014,20
"b",91,2014,18
"c",91,2014,27
"a",92,2014,21
"b",92,2014,23
"c",92,2014,21
"a",93,2014,23
"b",93,2014,13
"c",93,2014,25
"a",94,2014,20
"b",94,2014,20
"c",94,2014,19
"a",95,2014,17
"b",95,2014,21
"c",95,2014,13
"a",96,2014,12
"b",96,2014,24
"c",96,2014,20
"a",97,2014,17
"b",97,2014,20
"c",97,2014,21
"a",98,2014,22
"b",98,2014,17
"c",98,2014,21
"a",99,2014,24
"b",99,2014,20
"c",99,2014,14
"a",100,2014,13
"b",100,2014,23
"c",100,2014,24
"a",1,2015,22
"b",1,2015,21
"c",1,2015,27
"a",2,2015,19
"b",2,2015,15
"c",2,2015,26
"a",3,2015,29
"b",3,2015,19
"c",3,2015,24
"a",4,2015,16
"b",4,2015,25
"c",4,2015,21
"a",5,2015,15
"b",5,2015,17
"c",5,2015,25
"a",6,2015,16
"b",6,2015,30
"c",6,2015,18
"a",7,2015,17
"b",7,2015,25
"c",7,2015,22
"a",8,2015,20
"b",8,2015,23
"c",8,2015,15
"a",9,2015,17
"b",9,2015,18
"c",9,2015,20
"a",10,2015,18
"b",10,2015,17
"c",10,2015,21
"a",11,2015,17
"b",11,2015,23
"c",11,2015,19
"a",12,2015,21
"b",12,2015,26
"c",12,2015,23
"a",13,2015,16
"b",13,2015,26
"c",13,2015,19
"a",14,2015,16
"b",14,2015,18
"c",14,2015,23
"a",15,2015,17
"b",15,2015,14
"c",15,2015,16
"a",16,2015,19
"b",16,2015,21
"c",16,2015,18
"a",17,2015,13
"b",17,2015,30
"c",17,2015,17
"a",18,2015,18
"b",18,2015,24
"c",18,2015,19
"a",19,2015,22
"b",19,2015,22
"c",19,2015,19
"a",20,2015,12
"b",20,2015,14
"c",20,2015,26
"a",21,2015,12
"b",21,2015,19
"c",21,2015,17
"a",22,2015,13
"b",22,2015,24
"c",22,2015,24
"a",23,2015,25
"b",23,2015,17
"c",23,2015,23
"a",24,2015,23
"b",24,2015,11
"c",24,2015,19
"a",25,2015,17
"b",25,2015,26
"c",25,2015,21
"a",26,2015,17
"b",26,2015,20
"c",26,2015,22
"a",27,2015,25
"b",27,2015,23
"c",27,2015,14
"a",28,2015,25
"b",28,2015,20
"c",28,2015,22
"a",29,2015,29
"b",29,2015,18
"c",29,2015,28
"a",30,2015,22
"b",30,2015,25
"c",30,2015,25
"a",31,2015,20
"b",31,2015,18
"c",31,2015,23
"a",32,2015,17
"b",32,2015,26
"c",32,2015,15
"a",33,2015,27
"b",33,2015,22
"c",33,2015,24
"a",34,2015,18
"b",34,2015,18
"c",34,2015,30
"a",35,2015,16
"b",35,2015,29
"c",35,2015,16
"a",36,2015,21
"b",36,2015,15
"c",36,2015,16
"a",37,2015,20
"b",37,2015,14
"c",37,2015,21
"a",38,2015,17
"b",38,2015,19
"c",38,2015,20
"a",39,2015,18
"b",39,2015,21
"c",39,2015,15
"a",40,2015,20
"b",40,2015,13
"c",40,2015,14
"a",41,2015,22
"b",41,2015,24
"c",41,2015,18
"a",42,2015,24
"b",42,2015,21
"c",42,2015,23
"a",43,2015,23
"b",43,2015,21
"c",43,2015,17
"a",44,2015,19
"b",44,2015,20
"c",44,2015,19
"a",45,2015,22
"b",45,2015,24
"c",45,2015,23
"a",46,2015,23
"b",46,2015,21
"c",46,2015,20
"a",47,2015,23
"b",47,2015,22
"c",47,2015,17
"a",48,2015,22
"b",48,2015,13
"c",48,2015,25
"a",49,2015,15
"b",49,2015,21
"c",49,2015,13
"a",50,2015,22
"b",50,2015,19
"c",50,2015,27
"a",51,2015,29
"b",51,2015,17
"c",51,2015,19
"a",52,2015,14
"b",52,2015,20
"c",52,2015,15
"a",53,2015,21
"b",53,2015,14
"c",53,2015,16
"a",54,2015,14
"b",54,2015,23
"c",54,2015,22
"a",55,2015,25
"b",55,2015,23
"c",55,2015,19
"a",56,2015,24
"b",56,2015,15
"c",56,2015,29
"a",57,2015,21
"b",57,2015,13
"c",57,2015,21
"a",58,2015,32
"b",58,2015,21
"c",58,2015,22
"a",59,2015,17
"b",59,2015,18
"c",59,2015,19
"a",60,2015,19
"b",60,2015,28
"c",60,2015,15
"a",61,2015,21
"b",61,2015,25
"c",61,2015,18
"a",62,2015,24
"b",62,2015,18
"c",62,2015,20
"a",63,2015,30
"b",63,2015,12
"c",63,2015,20
"a",64,2015,26
"b",64,2015,27
"c",64,2015,21
"a",65,2015,14
"b",65,2015,21
"c",65,2015,29
"a",66,2015,21
"b",66,2015,20
"c",66,2015,10
"a",67,2015,22
"b",67,2015,19
"c",67,2015,12
"a",68,2015,22
"b",68,2015,28
"c",68,2015,12
"a",69,2015,21
"b",69,2015,15
"c",69,2015,23
"a",70,2015,14
"b",70,2015,21
"c",70,2015,17
"a",71,2015,25
"b",71,2015,15
"c",71,2015,26
"a",72,2015,28
"b",72,2015,20
"c",72,2015,10
"a",73,2015,27
"b",73,2015,21
"c",73,2015,20
"a",74,2015,20
"b",74,2015,19
"c",74,2015,21
"a",75,2015,21
"b",75,2015,24
"c",75,2015,18
"a",76,2015,21
"b",76,2015,18
"c",76,2015,21
"a",77,2015,17
"b",77,2015,21
"c",77,2015,18
"a",78,2015,26
"b",78,2015,22
"c",78,2015,15
"a",79,2015,17
"b",79,2015,18
"c",79,2015,26
"a",80,2015,24
"b",80,2015,25
"c",80,2015,18
"a",81,2015,12
"b",81,2015,11
"c",81,2015,17
"a",82,2015,25
"b",82,2015,27
"c",82,2015,14
"a",83,2015,23
"b",83,2015,18
"c",83,2015,24
"a",84,2015,14
"b",84,2015,19
"c",84,2015,20
"a",85,2015,23
"b",85,2015,22
"c",85,2015,22
"a",86,2015,15
"b",86,2015,15
"c",86,2015,21
"a",87,2015,18
"b",87,2015,22
"c",87,2015,16
"a",88,2015,30
"b",88,2015,14
"c",88,2015,21
"a",89,2015,17
"b",89,2015,24
"c",89,2015,18
"a",90,2015,18
"b",90,2015,17
"c",90,2015,13
"a",91,2015,18
"b",91,2015,17
"c",91,2015,12
"a",92,2015,23
"b",92,2015,16
"c",92,2015,24
"a",93,2015,17
"b",93,2015,20
"c",93,2015,19
"a",94,2015,17
"b",94,2015,17
"c",94,2015,35
"a",95,2015,18
"b",95,2015,21
"c",95,2015,21
"a",96,2015,20
"b",96,2015,17
"c",96,2015,17
"a",97,2015,22
"b",97,2015,25
"c",97,2015,20
"a",98,2015,23
"b",98,2015,25
"c",98,2015,21
"a",99,2015,25
"b",99,2015,17
"c",99,2015,19
"a",100,2015,22
"b",100,2015,14
"c",100,2015,10
"a",1,2016,25
"b",1,2016,14
"c",1,2016,25
"a",2,2016,19
"b",2,2016,20
"c",2,2016,21
"a",3,2016,16
"b",3,2016,13
"c",3,2016,18
"a",4,2016,13
"b",4,2016,20
"c",4,2016,25
"a",5,2016,23
"b",5,2016,15
"c",5,2016,16
"a",6,2016,18
"b",6,2016,14
"c",6,2016,20
"a",7,2016,33
"b",7,2016,15
"c",7,2016,15
"a",8,2016,25
"b",8,2016,28
"c",8,2016,26
"a",9,2016,18
"b",9,2016,15
"c",9,2016,21
"a",10,2016,21
"b",10,2016,22
"c",10,2016,26
"a",11,2016,17
"b",11,2016,17
"c",11,2016,21
"a",12,2016,22
"b",12,2016,26
"c",12,2016,20
"a",13,2016,26
"b",13,2016,18
"c",13,2016,18
"a",14,2016,20
"b",14,2016,14
"c",14,2016,20
"a",15,2016,19
"b",15,2016,28
"c",15,2016,16
"a",16,2016,10
"b",16,2016,23
"c",16,2016,24
"a",17,2016,18
"b",17,2016,25
"c",17,2016,23
"a",18,2016,24
"b",18,2016,21
"c",18,2016,22
"a",19,2016,15
"b",19,2016,19
"c",19,2016,20
"a",20,2016,18
"b",20,2016,17
"c",20,2016,19
"a",21,2016,16
"b",21,2016,29
"c",21,2016,24
"a",22,2016,29
"b",22,2016,18
"c",22,2016,27
"a",23,2016,21
"b",23,2016,24
"c",23,2016,17
"a",24,2016,19
"b",24,2016,18
"c",24,2016,26
"a",25,2016,20
"b",25,2016,20
"c",25,2016,11
"a",26,2016,19
"b",26,2016,13
"c",26,2016,11
"a",27,2016,15
"b",27,2016,19
"c",27,2016,16
"a",28,2016,21
"b",28,2016,28
"c",28,2016,26
"a",29,2016,25
"b",29,2016,23
"c",29,2016,17
"a",30,2016,25
"b",30,2016,22
"c",30,2016,17
"a",31,2016,26
"b",31,2016,18
"c",31,2016,15
"a",32,2016,25
"b",32,2016,21
"c",32,2016,30
"a",33,2016,32
"b",33,2016,21
"c",33,2016,20
"a",34,2016,17
"b",34,2016,14
"c",34,2016,29
"a",35,2016,17
"b",35,2016,18
"c",35,2016,23
"a",36,2016,11
"b",36,2016,16
"c",36,2016,19
"a",37,2016,11
"b",37,2016,18
"c",37,2016,22
"a",38,2016,25
"b",38,2016,19
"c",38,2016,24
"a",39,2016,16
"b",39,2016,20
"c",39,2016,14
"a",40,2016,15
"b",40,2016,17
"c",40,2016,17
"a",41,2016,18
"b",41,2016,17
"c",41,2016,12
"a",42,2016,22
"b",42,2016,25
"c",42,2016,15
"a",43,2016,23
"b",43,2016,17
"c",43,2016,20
"a",44,2016,18
"b",44,2016,21
"c",44,2016,15
"a",45,2016,22
"b",45,2016,28
"c",45,2016,13
"a",46,2016,25
"b",46,2016,23
"c",46,2016,21
"a",47,2016,19
"b",47,2016,20
"c",47,2016,17
"a",48,2016,14
"b",48,2016,22
"c",48,2016,16
"a",49,2016,19
"b",49,2016,21
"c",49,2016,15
"a",50,2016,23
"b",50,2016,21
"c",50,2016,20
"a",51,2016,20
"b",51,2016,21
"c",51,2016,24
"a",52,2016,17
"b",52,2016,31
"c",52,2016,18
"a",53,2016,21
"b",53,2016,11
"c",53,2016,17
"a",54,2016,22
"b",54,2016,26
"c",54,2016,24
"a",55,2016,21
"b",55,2016,12
"c",55,2016,18
"a",56,2016,18
"b",56,2016,14
"c",56,2016,23
"a",57,2016,16
"b",57,2016,15
"c",57,2016,15
"a",58,2016,25
"b",58,2016,20
"c",58,2016,22
"a",59,2016,19
"b",59,2016,20
"c",59,2016,17
"a",60,2016,28
"b",60,2016,31
"c",60,2016,21
"a",61,2016,23
"b",61,2016,33
"c",61,2016,11
"a",62,2016,22
"b",62,2016,25
"c",62,2016,16
"a",63,2016,27
"b",63,2016,27
"c",63,2016,20
"a",64,2016,21
"b",64,2016,17
"c",64,2016,24
"a",65,2016,25
"b",65,2016,25
"c",65,2016,27
"a",66,2016,22
"b",66,2016,24
"c",66,2016,11
"a",67,2016,16
"b",67,2016,16
"c",67,2016,22
"a",68,2016,20
"b",68,2016,19
"c",68,2016,23
"a",69,2016,23
"b",69,2016,14
"c",69,2016,16
"a",70,2016,23
"b",70,2016,24
"c",70,2016,17
"a",71,2016,23
"b",71,2016,18
"c",71,2016,21
"a",72,2016,12
"b",72,2016,24
"c",72,2016,19
"a",73,2016,25
"b",73,2016,18
"c",73,2016,16
"a",74,2016,24
"b",74,2016,15
"c",74,2016,27
"a",75,2016,22
"b",75,2016,25
"c",75,2016,20
"a",76,2016,18
"b",76,2016,21
"c",76,2016,11
"a",77,2016,27
"b",77,2016,17
"c",77,2016,20
"a",78,2016,20
"b",78,2016,15
"c",78,2016,19
"a",79,2016,26
"b",79,2016,17
"c",79,2016,26
"a",80,2016,23
"b",80,2016,20
"c",80,2016,19
"a",81,2016,18
"b",81,2016,17
"c",81,2016,14
"a",82,2016,18
"b",82,2016,20
"c",82,2016,27
"a",83,2016,18
"b",83,2016,25
"c",83,2016,24
"a",84,2016,20
"b",84,2016,18
"c",84,2016,19
"a",85,2016,20
"b",85,2016,16
"c",85,2016,25
"a",86,2016,20
"b",86,2016,21
"c",86,2016,17
"a",87,2016,19
"b",87,2016,18
"c",87,2016,24
"a",88,2016,18
"b",88,2016,22
"c",88,2016,21
"a",89,2016,20
"b",89,2016,20
"c",89,2016,17
"a",90,2016,19
"b",90,2016,19
"c",90,2016,20
"a",91,2016,18
"b",91,2016,31
"c",91,2016,17
"a",92,2016,22
"b",92,2016,19
"c",92,2016,16
"a",93,2016,13
"b",93,2016,22
"c",93,2016,15
"a",94,2016,18
"b",94,2016,20
"c",94,2016,26
"a",95,2016,22
"b",95,2016,19
"c",95,2016,20
"a",96,2016,31
"b",96,2016,18
"c",96,2016,25
"a",97,2016,27
"b",97,2016,20
"c",97,2016,23
"a",98,2016,25
"b",98,2016,21
"c",98,2016,23
"a",99,2016,12
"b",99,2016,17
"c",99,2016,18
"a",100,2016,22
"b",100,2016,18
"c",100,2016,23
"a",1,2017,15
"b",1,2017,23
"c",1,2017,26
"a",2,2017,18
"b",2,2017,18
"c",2,2017,17
"a",3,2017,25
"b",3,2017,18
"c",3,2017,19
"a",4,2017,13
"b",4,2017,14
"c",4,2017,20
"a",5,2017,26
"b",5,2017,19
"c",5,2017,21
"a",6,2017,17
"b",6,2017,27
"c",6,2017,21
"a",7,2017,15
"b",7,2017,23
"c",7,2017,25
"a",8,2017,18
"b",8,2017,27
"c",8,2017,20
"a",9,2017,22
"b",9,2017,18
"c",9,2017,23
"a",10,2017,15
"b",10,2017,17
"c",10,2017,27
"a",11,2017,28
"b",11,2017,15
"c",11,2017,25
"a",12,2017,17
"b",12,2017,23
"c",12,2017,23
"a",13,2017,22
"b",13,2017,25
"c",13,2017,22
"a",14,2017,26
"b",14,2017,21
"c",14,2017,13
"a",15,2017,20
"b",15,2017,26
"c",15,2017,27
"a",16,2017,23
"b",16,2017,17
"c",16,2017,14
"a",17,2017,20
"b",17,2017,26
"c",17,2017,16
"a",18,2017,20
"b",18,2017,12
"c",18,2017,19
"a",19,2017,20
"b",19,2017,18
"c",19,2017,15
"a",20,2017,19
"b",20,2017,25
"c",20,2017,25
"a",21,2017,25
"b",21,2017,18
"c",21,2017,25
"a",22,2017,25
"b",22,2017,18
"c",22,2017,32
"a",23,2017,23
"b",23,2017,11
"c",23,2017,9
"a",24,2017,15
"b",24,2017,29
"c",24,2017,25
"a",25,2017,21
"b",25,2017,20
"c",25,2017,19
"a",26,2017,20
"b",26,2017,25
"c",26,2017,22
"a",27,2017,20
"b",27,2017,23
"c",27,2017,10
"a",28,2017,26
"b",28,2017,22
"c",28,2017,20
"a",29,2017,31
"b",29,2017,19
"c",29,2017,21
"a",30,2017,17
"b",30,2017,23
"c",30,2017,29
"a",31,2017,25
"b",31,2017,19
"c",31,2017,13
"a",32,2017,23
"b",32,2017,23
"c",32,2017,20
"a",33,2017,19
"b",33,2017,22
"c",33,2017,20
"a",34,2017,20
"b",34,2017,22
"c",34,2017,27
"a",35,2017,24
"b",35,2017,12
"c",35,2017,19
"a",36,2017,15
"b",36,2017,28
"c",36,2017,18
"a",37,2017,14
"b",37,2017,15
"c",37,2017,12
"a",38,2017,13
"b",38,2017,23
"c",38,2017,21
"a",39,2017,15
"b",39,2017,22
"c",39,2017,21
"a",40,2017,18
"b",40,2017,13
"c",40,2017,21
"a",41,2017,20
"b",41,2017,27
"c",41,2017,22
"a",42,2017,16
"b",42,2017,28
"c",42,2017,27
"a",43,2017,25
"b",43,2017,23
"c",43,2017,24
"a",44,2017,16
"b",44,2017,23
"c",44,2017,23
"a",45,2017,15
"b",45,2017,12
"c",45,2017,19
"a",46,2017,13
"b",46,2017,24
"c",46,2017,17
"a",47,2017,20
"b",47,2017,17
"c",47,2017,25
"a",48,2017,25
"b",48,2017,32
"c",48,2017,21
"a",49,2017,27
"b",49,2017,7
"c",49,2017,22
"a",50,2017,17
"b",50,2017,24
"c",50,2017,22
"a",51,2017,15
"b",51,2017,25
"c",51,2017,20
"a",52,2017,16
"b",52,2017,25
"c",52,2017,22
"a",53,2017,24
"b",53,2017,22
"c",53,2017,15
"a",54,2017,14
"b",54,2017,24
"c",54,2017,16
"a",55,2017,29
"b",55,2017,16
"c",55,2017,21
"a",56,2017,26
"b",56,2017,14
"c",56,2017,15
"a",57,2017,17
"b",57,2017,18
"c",57,2017,25
"a",58,2017,22
"b",58,2017,14
"c",58,2017,20
"a",59,2017,26
"b",59,2017,17
"c",59,2017,14
"a",60,2017,23
"b",60,2017,19
"c",60,2017,15
"a",61,2017,20
"b",61,2017,22
"c",61,2017,15
"a",62,2017,23
"b",62,2017,17
"c",62,2017,16
"a",63,2017,28
"b",63,2017,17
"c",63,2017,19
"a",64,2017,19
"b",64,2017,17
"c",64,2017,17
"a",65,2017,17
"b",65,2017,18
"c",65,2017,27
"a",66,2017,9
"b",66,2017,15
"c",66,2017,15
"a",67,2017,18
"b",67,2017,23
"c",67,2017,18
"a",68,2017,24
"b",68,2017,23
"c",68,2017,17
"a",69,2017,14
"b",69,2017,20
"c",69,2017,21
"a",70,2017,20
"b",70,2017,16
"c",70,2017,12
"a",71,2017,23
"b",71,2017,11
"c",71,2017,16
"a",72,2017,20
"b",72,2017,13
"c",72,2017,22
"a",73,2017,20
"b",73,2017,23
"c",73,2017,13
"a",74,2017,25
"b",74,2017,16
"c",74,2017,19
"a",75,2017,13
"b",75,2017,30
"c",75,2017,20
"a",76,2017,25
"b",76,2017,26
"c",76,2017,21
"a",77,2017,13
"b",77,2017,22
"c",77,2017,20
"a",78,2017,18
"b",78,2017,18
"c",78,2017,20
"a",79,2017,14
"b",79,2017,22
"c",79,2017,27
"a",80,2017,9
"b",80,2017,16
"c",80,2017,25
"a",81,2017,17
"b",81,2017,23
"c",81,2017,26
"a",82,2017,19
"b",82,2017,14
"c",82,2017,22
"a",83,2017,17
"b",83,2017,34
"c",83,2017,14
"a",84,2017,23
"b",84,2017,22
"c",84,2017,21
"a",85,2017,21
"b",85,2017,27
"c",85,2017,21
"a",86,2017,21
"b",86,2017,14
"c",86,2017,27
"a",87,2017,19
"b",87,2017,9
"c",87,2017,24
"a",88,2017,25
"b",88,2017,22
"c",88,2017,21
"a",89,2017,14
"b",89,2017,19
"c",89,2017,11
"a",90,2017,18
"b",90,2017,23
"c",90,2017,20
"a",91,2017,22
"b",91,2017,26
"c",91,2017,14
"a",92,2017,24
"b",92,2017,21
"c",92,2017,26
"a",93,2017,20
"b",93,2017,26
"c",93,2017,15
"a",94,2017,26
"b",94,2017,23
"c",94,2017,18
"a",95,2017,21
"b",95,2017,18
"c",95,2017,14
"a",96,2017,18
"b",96,2017,14
"c",96,2017,21
"a",97,2017,16
"b",97,2017,22
"c",97,2017,17
"a",98,2017,18
"b",98,2017,16
"c",98,2017,20
"a",99,2017,11
"b",99,2017,17
"c",99,2017,17
"a",100,2017,13
"b",100,2017,17
"c",100,2017,19
"a",1,2018,19
"b",1,2018,12
"c",1,2018,16
"a",2,2018,21
"b",2,2018,28
"c",2,2018,15
"a",3,2018,13
"b",3,2018,21
"c",3,2018,17
"a",4,2018,31
"b",4,2018,22
"c",4,2018,22
"a",5,2018,24
"b",5,2018,17
"c",5,2018,26
"a",6,2018,19
"b",6,2018,13
"c",6,2018,26
"a",7,2018,21
"b",7,2018,13
"c",7,2018,16
"a",8,2018,28
"b",8,2018,22
"c",8,2018,19
"a",9,2018,16
"b",9,2018,22
"c",9,2018,26
"a",10,2018,26
"b",10,2018,23
"c",10,2018,37
"a",11,2018,25
"b",11,2018,21
"c",11,2018,24
"a",12,2018,14
"b",12,2018,21
"c",12,2018,17
"a",13,2018,19
"b",13,2018,18
"c",13,2018,20
"a",14,2018,24
"b",14,2018,26
"c",14,2018,22
"a",15,2018,15
"b",15,2018,17
"c",15,2018,21
"a",16,2018,18
"b",16,2018,25
"c",16,2018,27
"a",17,2018,23
"b",17,2018,18
"c",17,2018,21
"a",18,2018,18
"b",18,2018,26
"c",18,2018,22
"a",19,2018,25
"b",19,2018,21
"c",19,2018,26
"a",20,2018,16
"b",20,2018,21
"c",20,2018,15
"a",21,2018,29
"b",21,2018,22
"c",21,2018,19
"a",22,2018,21
"b",22,2018,22
"c",22,2018,27
"a",23,2018,18
"b",23,2018,19
"c",23,2018,27
"a",24,2018,22
"b",24,2018,13
"c",24,2018,26
"a",25,2018,21
"b",25,2018,20
"c",25,2018,18
"a",26,2018,23
"b",26,2018,22
"c",26,2018,20
"a",27,2018,21
"b",27,2018,19
"c",27,2018,20
"a",28,2018,27
"b",28,2018,26
"c",28,2018,17
"a",29,2018,23
"b",29,2018,21
"c",29,2018,22
"a",30,2018,26
"b",30,2018,20
"c",30,2018,15
"a",31,2018,17
"b",31,2018,20
"c",31,2018,17
"a",32,2018,16
"b",32,2018,15
"c",32,2018,14
"a",33,2018,19
"b",33,2018,12
"c",33,2018,18
"a",34,2018,28
"b",34,2018,22
"c",34,2018,17
"a",35,2018,18
"b",35,2018,26
"c",35,2018,20
"a",36,2018,21
"b",36,2018,16
"c",36,2018,31
"a",37,2018,12
"b",37,2018,23
"c",37,2018,22
"a",38,2018,12
"b",38,2018,19
"c",38,2018,26
"a",39,2018,21
"b",39,2018,18
"c",39,2018,19
"a",40,2018,23
"b",40,2018,25
"c",40,2018,22
"a",41,2018,13
"b",41,2018,26
"c",41,2018,25
"a",42,2018,24
"b",42,2018,27
"c",42,2018,25
"a",43,2018,19
"b",43,2018,19
"c",43,2018,21
"a",44,2018,19
"b",44,2018,25
"c",44,2018,28
"a",45,2018,28
"b",45,2018,29
"c",45,2018,19
"a",46,2018,15
"b",46,2018,18
"c",46,2018,17
"a",47,2018,14
"b",47,2018,15
"c",47,2018,23
"a",48,2018,16
"b",48,2018,21
"c",48,2018,21
"a",49,2018,20
"b",49,2018,17
"c",49,2018,19
"a",50,2018,31
"b",50,2018,19
"c",50,2018,19
"a",51,2018,19
"b",51,2018,20
"c",51,2018,26
"a",52,2018,22
"b",52,2018,18
"c",52,2018,24
"a",53,2018,17
"b",53,2018,21
"c",53,2018,27
"a",54,2018,16
"b",54,2018,20
"c",54,2018,24
"a",55,2018,23
"b",55,2018,21
"c",55,2018,22
"a",56,2018,14
"b",56,2018,18
"c",56,2018,21
"a",57,2018,30
"b",57,2018,19
"c",57,2018,16
"a",58,2018,11
"b",58,2018,20
"c",58,2018,27
"a",59,2018,31
"b",59,2018,29
"c",59,2018,25
"a",60,2018,18
"b",60,2018,12
"c",60,2018,19
"a",61,2018,18
"b",61,2018,26
"c",61,2018,21
"a",62,2018,23
"b",62,2018,18
"c",62,2018,25
"a",63,2018,18
"b",63,2018,18
"c",63,2018,25
"a",64,2018,15
"b",64,2018,23
"c",64,2018,18
"a",65,2018,22
"b",65,2018,16
"c",65,2018,25
"a",66,2018,25
"b",66,2018,24
"c",66,2018,18
"a",67,2018,20
"b",67,2018,29
"c",67,2018,22
"a",68,2018,19
"b",68,2018,24
"c",68,2018,26
"a",69,2018,20
"b",69,2018,20
"c",69,2018,23
"a",70,2018,15
"b",70,2018,20
"c",70,2018,16
"a",71,2018,20
"b",71,2018,14
"c",71,2018,18
"a",72,2018,19
"b",72,2018,29
"c",72,2018,20
"a",73,2018,25
"b",73,2018,26
"c",73,2018,18
"a",74,2018,24
"b",74,2018,25
"c",74,2018,9
"a",75,2018,20
"b",75,2018,24
"c",75,2018,21
"a",76,2018,19
"b",76,2018,18
"c",76,2018,22
"a",77,2018,14
"b",77,2018,18
"c",77,2018,14
"a",78,2018,15
"b",78,2018,27
"c",78,2018,13
"a",79,2018,23
"b",79,2018,19
"c",79,2018,14
"a",80,2018,22
"b",80,2018,21
"c",80,2018,15
"a",81,2018,19
"b",81,2018,17
"c",81,2018,21
"a",82,2018,18
"b",82,2018,19
"c",82,2018,26
"a",83,2018,17
"b",83,2018,16
"c",83,2018,27
"a",84,2018,18
"b",84,2018,16
"c",84,2018,21
"a",85,2018,13
"b",85,2018,21
"c",85,2018,16
"a",86,2018,14
"b",86,2018,18
"c",86,2018,17
"a",87,2018,20
"b",87,2018,29
"c",87,2018,28
"a",88,2018,18
"b",88,2018,19
"c",88,2018,25
"a",89,2018,15
"b",89,2018,21
"c",89,2018,27
"a",90,2018,26
"b",90,2018,24
"c",90,2018,25
"a",91,2018,21
"b",91,2018,23
"c",91,2018,25
"a",92,2018,17
"b",92,2018,17
"c",92,2018,19
"a",93,2018,23
"b",93,2018,24
"c",93,2018,24
"a",94,2018,21
"b",94,2018,19
"c",94,2018,18
"a",95,2018,24
"b",95,2018,22
"c",95,2018,24
"a",96,2018,20
"b",96,2018,14
"c",96,2018,16
"a",97,2018,23
"b",97,2018,17
"c",97,2018,24
"a",98,2018,30
"b",98,2018,21
"c",98,2018,19
"a",99,2018,18
"b",99,2018,19
"c",99,2018,17
"a",100,2018,18
"b",100,2018,17
"c",100,2018,22
